No,企業名,正社員数,パート込み従業員数,正社員2000名以上,パート込み2000名以上,基準(連結/単体),時点,出典URL,備考
1,イズミ・フード・サービス株式会社,184,1924,,,単体,2026年2月,https://job.mynavi.jp/27/pc/search/corp74056/outline.html,内訳: 正社員184/パートナー社員204/アルバイト1536。他サイトでは1551名(うち正社員173)の記載あり
2,株式会社ハイデイ日高,1088,,,,単体,2026年2月28日,https://www.nikkei.com/nkd/company/gaiyo/?scode=7611,臨時従業員(有報平均)は取得できず。マイナビでは正社員950名(2026年5月)。フレンド社員1万1252人(2025年8月末・決算説明会 https://finance.logmi.jp/articles/382812)。検索要約ベースのため要確認
3,株式会社ねぎしフードサービス,151,1956,,,単体,2024年4月,https://tenshoku.mynavi.jp/company/108811/,社員151+アルバイト1805。別ソースでは正社員142/アルバイト1700
4,さわやか株式会社,,1900,,,単体,2025年3月末,https://job.mynavi.jp/27/pc/search/corp57299/outline.html,正社員数の内訳は見つからず。他ソースで1650名/1880名の記載あり
5,株式会社晃商,265,1134,,,単体,2024年6月,https://job.mynavi.jp/28/pc/search/corp64923/outline.html,従業員1134名(うち社員265名)。晃商ホールディングス傘下
6,株式会社ライドオンエクスプレス,363,2825,,○,連結,2026年3月,https://finance.yahoo.co.jp/quote/6082.T/profile,上場親会社ライドオンエクスプレスHDの数値(正社員363+アルバイト2462)。有報では2025年3月末連結359名。検索要約ベースのため要確認
7,株式会社どうとんぼり神座,371,2845,,○,単体,,https://kamukura.co.jp/company/,公式会社概要の値(時点不明)。マイナビではグループ合計4868名(2026年3月)
8,株式会社ZIPANGU,,,,,,,https://job.mynavi.jp/27/pc/search/corp269141/outline.html,数値が不一致(30/46/社保被保険者112名、グループ3261名(2025年3月)、グループ4868名(2026年3月))のため空欄
9,株式会社かどや,,467,,,単体,,https://www.kadoya-taimeshi.com/company.html,愛媛・宇和島の郷土料理店。約467名(内訳不明)。2017年8月時点では正社員60/パート・アルバイト210
10,トラオム株式会社,243,2974,,○,単体,2026年3月1日,https://www.traum2002.co.jp/company/,正社員243+パート・アルバイト2731
11,株式会社安楽亭,462,,,,連結,2025年3月31日,https://kabukabunsekitarou.com/?sec_report=2024-06-28%E6%9C%89%E4%BE%A1%E8%A8%BC%E5%88%B8%E5%A0%B1%E5%91%8A%E6%9B%B8-%E6%A0%AA%E5%BC%8F%E4%BC%9A%E7%A4%BE%E5%AE%89%E6%A5%BD%E4%BA%AD,2025年3月期有報: 連結462/単体163(単体臨時949)。連結臨時は取得できず。2026年3月期決算説明資料(https://www.anrakutei.co.jp/ir/2026/20260522_01.pdf)の数値は要約が矛盾しており不採用
12,株式会社リトパコーポレーション,,,,,,,https://kigyo.city.kyoto.lg.jp/kyomachi/company/single/4641.php,ソース間で大きく不一致(58/70/104/741/820名)。京都市DBでは男性396・女性345計741人
13,株式会社きらく,190,1800,,,単体,,https://job.mynavi.jp/27/pc/search/corp237450/outline.html,1800名(内正社員190名)。別ソースでは2000人(内正社員200人)
14,株式会社アストジャパン,,,,,,,https://tenshoku.mynavi.jp/company/440148/,ソース間で不一致(116人/600名/被保険者140人)のため空欄
15,テンアライド株式会社,258,2558,,○,連結,2026年3月31日,https://www.nikkei.com/nkd/company/ednr/?scode=8207,2026年3月期有報: 連結258(臨時2300)、単体257(臨時2300)。検索要約ベースのため要確認
16,ワタミ株式会社,,,,,,,https://www.watami.co.jp/ir/fact_book/,有報の確定値を取得できず(推定値のみ)
17,株式会社東京一番フーズ,241,720,,,連結,,https://www.nikkei.com/nkd/company/gaiyo/?scode=3067,連結241(臨時479)。時点不明(最新期とされる)。検索要約ベースのため要確認
18,株式会社寿し常,,,,,,,https://baseconnect.in/companies/881e38ca-4863-45cd-b88d-e1b9ee0256b2,東京一番フーズ100%子会社。従業員規模250-499人の記載のみ
19,株式会社ジェイグループホールディングス,432,883,,,連結,2026年2月期,https://www.nikkei.com/nkd/company/ednr/?scode=3063,有報: 連結432(臨時451)、単体383(臨時406)。検索要約ベースのため要確認
20,株式会社ナミキ,,,,,,,,同名企業が複数(板橋区の建設会社等)で特定できず
21,株式会社魁力屋,439,1343,,,連結,2025年12月31日,https://corp.kairikiya.co.jp/company/,有報: 連結439(臨時904)、単体382(臨時834)。公式会社情報ではパート・アルバイト含3356名
22,株式会社グラナダ,,,,,,,https://tenshoku.mynavi.jp/company/342342/,ソース間で不一致(200名/約178名/460名)のため空欄
23,株式会社サリックストラベル,59,1300,,,単体,,https://alarmbox.jp/companyinfo/entities/3030001003392,従業員59名・パート・アルバイト含め1300人の記載。マイナビ転職では500名
24,株式会社駒形前川,,,,,,,https://baseconnect.in/companies/1433304d-fb72-4bbe-85fe-4385a13363f1,従業員52名(2015年6月現在・区分不明)の古い情報のみ
25,マルシェ株式会社,124,319,,,単体,,https://www.nikkei.com/nkd/company/ednr/?scode=7524,有報: 単体124(臨時195)。時点は最新期とされるが要確認(2024年3月末は115/臨時187)
26,株式会社三六,,,,,,,https://tenshoku.mynavi.jp/company/401648/,従業員数34人(区分不明)。東京・港区のもつ焼き店運営会社と推定
27,杉本食肉産業株式会社,247,1102,,,単体,マイナビ2026掲載時点,https://job.mynavi.jp/26/pc/search/corp259958/outline.html,正社員=男性184名+女性63名（マイナビ2026記載、検索結果抜粋）
28,株式会社オーイズミフーズ,926,5450,,○,単体,不明,https://macloud.jp/companies/216,検索結果要約より（パート・アルバイト含む5450名、正社員926名）。他ソースで1139人等の記載あり
29,株式会社鶴八,,,,,単体,2024年1月,https://employment.en-japan.com/comp-87352/,エン転職で従業員数140名（雇用形態内訳不明）、バイトル120人、被保険者数37名
30,株式会社Serge源’s,34,119,,,単体,不明,https://gensg.jp/about-us/,119名(社員34名・アルバイト他85名)
31,株式会社ブルーム,,,,,,,,同名企業が複数（エステの(株)ブルーム80名等）で特定できず。飲食のブルームダイニングサービスは450名(パート含む・2026年3月)だが別社名
32,株式会社ハッピーダイニング,,,,,単体,不明,https://salesnow.jp/db/companies/jcba76k58ga3yd9s,神奈川県大和市の同名社で従業員数50人（内訳不明）
33,株式会社LDH kitchen,,,,,単体,不明,https://www.careermap.jp/corporations/104790,従業員数131名(キャリアマップ)/80名(フーズラボ)（内訳不明）
34,株式会社ポジティブドリームパーソンズ,,972,,,単体,2025年5月1日,https://www.positive.co.jp/,972名（アルバイト含む）。正社員数は未確認
35,株式会社ヴィア・ホールディングス,383,1707,,,連結,2026年3月期,https://irbank.net/E00705,有報: 連結従業員383名+臨時雇用者平均1324名(8時間換算)。単体36名
36,株式会社Uliveto,83,276,,,単体,2026年2月,https://uliveto-recruit.jp/about/,276人（正社員83人）
37,有限会社ジェー・ワールド,,,,,単体,不明,https://salesnow.jp/db/companies/5011702005297,従業員数10人以上20人未満（範囲のみ）
38,株式会社nadeshico,55,340,,,単体,2023年5月,https://job.mynavi.jp/26/pc/search/corp218028/outline.html,340名（社員55名、AP285名）
39,株式会社馬車道,284,3142,,○,単体,不明,https://job.rikunabi.com/2026/company/r776330089/,全従業員3142名（正社員284名）。別ソースで正社員251名・パートナー2800名(2024年9月)。出典ページは検索要約から推定
40,株式会社コーフク,,368,,,単体,2024年,https://www.cofk.co.jp/recruit/faq,368名（パート・アルバイト含む）。別データで67人の記載あり。正社員数は未確認
41,株式会社タイソンズアンドカンパニー,300,720,,,単体,2026年4月,https://job.mynavi.jp/27/pc/search/corp267995/outline.html,約720名（正社員300名/アルバイト420名）
42,和幸株式会社,,,,,単体,不明,https://doda.jp/DodaFront/View/Company/j_id__10010453848/,いなば和幸運営の和幸株式会社(東京都板橋区)で従業員数800名（内訳不明）。和幸商事(株)とは別会社。島根の同名社もあり
43,株式会社オールウェイズ,,,,,,,,同名企業が複数で特定できず（愛媛県新居浜市のハンバーガーレストラン運営社は268人、東村山市の社は90名パート含む等）
44,サンキョー・プロパティー株式会社,,,,,単体,2022年2月,https://salesnow.jp/db/companies/jcbcddhwncga11ap,従業員数112名（内訳不明）。被保険者数36人、グループ762名の記載もあり
45,株式会社リベラ・フード＆ビバレッジ,,,,,単体,2026年5月,https://libera-group.co.jp/company/profile/,従業員数37名/35人（内訳不明）
46,株式会社リベラ・ゲーミング・オペレーションズ,,,,,単体,不明,https://jobcatalog.yahoo.co.jp/company/1100005861/information/,従業員数181人（内訳不明）、グループ計420名の記載あり
47,医療法人せいざん,,,,,単体,不明,https://www.fukushikaigo.net/?p=9227,法人総職員数168名（雇用形態内訳不明）。青山病院単体115名
48,株式会社銚子丸,511,1529,,,単体,2025年2月期,https://kitaishihon.com/company/3075/top/,有報: 従業員511名+臨時従業員1018名。2026年2月期有報の数値は未確認
49,株式会社ペルゴ,203,1631,,,単体,2026年4月,https://job.mynavi.jp/27/pc/search/corp60124/outline.html,1631名（社員203名、パートアルバイト1428名）
50,株式会社資さん,588,5663,,○,単体,2026年3月,https://job.mynavi.jp/27/pc/search/corp203760/outline.html,従業員5663名（うち正社員588名）。2025年8月時点は4252名(正社員312名)
51,株式会社エー・ピーホールディングス,706,1641,,,連結,2025-03-31,https://irbank.net/E26842,有報: 連結706名(臨時平均935名)
52,チムニー株式会社,659,2243,,○,連結,2025-03-31,https://www.chimney.co.jp/prd/wordpress/wp-content/uploads/2025/06/yuka_2025.pdf,有報: 連結659名(臨時平均1584名)
53,株式会社ビーケー・ジャパン,,7500,,○,単体,2024-12,https://tenshoku.mynavi.jp/company/382174/,マイナビ転職掲載の従業員数(内訳不明・アルバイト込みと推定)。別情報で10386名(2025-12)の記載あり
54,株式会社マルサン,99,421,,,単体,,https://job.mynavi.jp/26/pc/search/corp276584/outline.html,同名企業多数。埼玉県越谷市のスーパーマルサンの値(社員99名・パート/アルバイト322名)。対象企業か要確認
55,株式会社カゴハラゴルフ,,,,,単体,,https://tenshoku.mynavi.jp/company/322810/,内訳不明。記載値: 787名(2026-05時点)、マイナビ転職500名、マイナビ2026で650名
56,ドリームフーズ株式会社,,782,,,単体,2024-02末,https://dreamfoods.co.jp/company/profile,滋賀県彦根市。パート・アルバイト含む
57,株式会社ぶんコーポレーション,84,1366,,,単体,,https://doda.jp/DodaFront/View/Company/j_id__10000645156/,doda: 正社員84名・パート/アルバイト約1282名(別記載では約1249名)。合計は概算
58,株式会社牧歌コーポレーション,,,,,単体,,https://www.bokka.co.jp/co.php,従業員数110名(公式/求人サイト)。正社員/パート区分不明
59,株式会社トリドールホールディングス,7830,23383,○,○,連結,2025-03-31,https://irbank.net/E03468,有報: 連結7830名(臨時平均15553名・8時間換算)
60,株式会社DDグループ,1234,6786,,○,連結,2025-02-28,https://irbank.net/E05673,有報: 連結1234名(臨時平均5552名)
61,株式会社麺食,80,450,,,単体,2024-04末,https://ban-nai.com/recruit/,パート込み450名(公式採用情報)。正社員80名はtype掲載値(https://type.jp/job-company/29602/)
62,株式会社ATE-LINK,,161,,,単体,,https://ate-link.co.jp/outline/,公式会社概要: パート・アルバイト含む161名
63,株式会社太陽エンタープライズ,,3790,,○,単体,2024-01,https://employment.en-japan.com/comp-6036/,エン転職: アルバイト・パート含む3790名
64,大和ハウスホテルマネジメント大阪城株式会社,,,,,単体,,https://www.hotelkyujin.com/hotel-detail?c_no=4146,従業員数110名(区分不明)
65,株式会社森孵卵場,232,821,,,単体,,https://job.rikunabi.com/2026/company/r362712031/,リクナビ2026: 正社員232名・パートナー589名
66,株式会社FOOD & LIFE COMPANIES,11720,35509,○,○,連結,2025-09-30,https://irbank.net/E33000/worker,有報: 連結11720名(臨時平均23789名・8時間換算)
67,タニザワフーズ株式会社,124,2708,,○,単体,2025-03,https://job.mynavi.jp/28/pc/search/corp59776/outline.html,正社員124名・パート/アルバイト2584名(2025年3月実績)
68,株式会社エルアンドジー,39,463,,,単体,,https://www.la-ge.net/company/,公式: 463名(内正社員39名)
69,株式会社ニイミ,55,269,,,単体,,https://en-hyouban.com/company/10008214198/,同名企業複数。アミューズメント事業部を持つニイミの値(269名内正社員55名)。対象企業か要確認
70,株式会社FTG Company,368,1569,,,単体,2025-04,https://job.mynavi.jp/27/pc/search/corp217656/outline.html,正社員368名・アルバイト1201名
71,株式会社WEEDS,50,326,,,単体,2026-02,https://j-weeds.com/company/,正社員50名・アルバイト276名
72,株式会社アルカンシエル,178,,,,単体,2025-03,https://www.nikkei.com/compass/company/rVHExwAavyS8tdkfCNrC6J,ブライダル事業。正社員178名。2019年4月時点は社員236名・アルバイト505名
73,株式会社グリーンハウスフーズ,1407,8738,,○,単体,2026-03期,https://doda.jp/DodaFront/View/Company/j_id__10007399713/,社員1407名・パート/アルバイト7331名
74,医療法人社団回心会 回心堂病院,,,,,単体,,https://job.kiracare.jp/office/129759/,求人媒体に従業員110名とあるが雇用区分は書かれていない。同法人の回心堂第二病院は総職員143名
75,株式会社あきんどスシロー,2023,57768,○,○,単体,2025-09-30,https://www.akindo-sushiro.co.jp/company/profile.php,社員2023名+アルバイト・パート55745名
76,株式会社京樽,447,,,,単体,2025-09末,https://www.kyotaru.co.jp/corporate/about.html,公式サイトは社員数のみ掲載。パート数は見つからず
77,株式会社キープ・ウィルダイニング,,,,,単体,,https://job.mynavi.jp/27/pc/search/corp91994/outline.html,従業員600名（マイナビ）/700名（他媒体）で、どちらも雇用区分なし
78,株式会社ダンダダン,250,1672,,,単体,,https://tenshoku.mynavi.jp/company/316312/,正社員250名+アルバイト1422名。正社員258名とする別媒体あり
79,株式会社はなまる,390,,,,単体,2026-02,https://job.mynavi.jp/27/pc/search/corp73284/outline.html,マイナビ記載の従業員数で区分は書かれていない。店舗数から見てパートは含まない数と判断
80,社会福祉法人 都心会,51,132,,,単体,,http://fields.canpan.info/organization/detail/1676962101?view=pc,CANPAN: 有給常勤1+常勤スタッフ50、非常勤11+非常勤スタッフ70。132名は役員を含む合計。従業員110人とする別媒体あり
81,株式会社mihaku,83,383,,,単体,2024-08期,https://job.mynavi.jp/27/pc/search/corp108007/outline.html,社員83名+アルバイト300名。社員110名/アルバイト231名（2024年4月）とする別媒体あり
82,有限会社石の湯ロッヂ・ルシオラ,,,,,単体,,https://alarmbox.jp/companyinfo/entities/2100002018441,従業員6人（他媒体では8人/4人）で、どれも雇用区分なし
83,株式会社ゴンチャ ジャパン,,620,,,単体,,https://tenshoku.mynavi.jp/company/343712/,620名はアルバイト込み。他にエン転職800名（アルバイト込み）、GPTW認定時96名（2024年11月、区分なし）
84,アークランドサービスホールディングス株式会社,521,2912,,○,連結(グループ合計),2024-12,https://www.arclandservice.co.jp/company/overview/,社員521名+パート・アルバイト2391名（公式）。上場廃止済み
85,株式会社ブロンコビリー,672,2071,,○,連結,2024-12-31,https://irbank.net/E03517/worker,有報: 連結672名+臨時1399名。2025年12月期は連結711名（単体653名）だが臨時数は見つからず
86,株式会社フォンス,,,,,単体,,https://www.shukatsu-nagano.jp/company_info/20346.html,従業員2400名（2026年1月）/2200名（2025年4月）で区分なし。古い資料に社員350名・アルバイト1000名
87,株式会社フジランド,,,,,単体,,https://tenshoku.mynavi.jp/company/197555/,従業員1200名（マイナビ転職）/1000名（マイナビ2027）/639人（gBizINFO）で、どれも区分なし
88,株式会社大庄,1537,2663,,○,連結,2025-08-31,https://irbank.net/E03223,有報第54期: 連結1537名+臨時1126名（単体966名+臨時1074名）
89,EGGS 'N THINGS JAPAN株式会社,180,1220,,,単体,2025-09-01,https://www.eggsnthingsjapan.com/company/,社員180名+アルバイト1040名
90,カンサプ株式会社,52,383,,,単体,,https://kansap.co.jp/recruit/about,正社員52名+パート・アルバイト331名（時点不明）。2024年11月時点で467名（パート込み）とする媒体あり
91,株式会社アマネク,,500,,,単体,2025-03期,https://job.mynavi.jp/27/pc/search/corp238665/outline.html,約500名（アルバイト込み）。他媒体に153名/305名/446名など（区分不明）
92,株式会社神座西日本,257,2616,,○,単体,2026-01,https://employment.en-japan.com/comp-141254/,正社員257名+パート2359名
93,株式会社神座東日本,152,755,,,単体,2026-01,https://employment.en-japan.com/comp-141255/,正社員152名+パート603名
94,株式会社ホットランドホールディングス,1099,8111,,○,連結,2025-12-31,https://ir.hotland.co.jp/library/securities/,有報: 連結1099名+臨時7012名（単体421名+臨時690名）
95,株式会社テイル,100,800,,,単体,,https://tenshoku.mynavi.jp/company/400260/,社員100名+パート・アルバイト700名
96,株式会社高山グリーンホテル,141,278,,,単体,2025-10-01,https://job.mynavi.jp/27/pc/search/corp212886/outline.html,社員141名+パート137名
97,株式会社アトラクティブ,,160,,,単体,2024年1月,https://job.mynavi.jp/27/pc/search/corp224811/outline.html,水戸のブライダル企業。160名はパート・アルバイト込み（検索結果の要約から）。正社員数は不明
98,株式会社コロワイド,5907,25102,○,○,連結,2026年3月31日,https://www.nikkei.com/nkd/company/ednr/?scode=7616,有報: 従業員5907人+臨時従業員19195人（1日8時間換算の外数）
99,カッパ・クリエイト株式会社,799,7192,,○,連結,2025年3月31日,https://www.kappa-create.co.jp/blog/wp-content/uploads/2025/06/tlvqygkp.pdf,有報: 799人+平均臨時雇用者6393人。単体は664人+5661人。コロワイド有報のセグメント別(2026/3)は801人[6199人]
100,株式会社大戸屋,738,2570,,○,大戸屋HDグループ,2026年3月31日,https://www.ootoya.jp/corporate/profile.html,大戸屋ホールディングスのグループ社員数738名を採用（株式会社大戸屋単体の数値は見つからず）。臨時1832人はコロワイド有報の大戸屋HDセグメントの値
101,株式会社フレッシュネス,,,,,単体,,https://job.mynavi.jp/27/pc/search/corp64643/outline.html,マイナビ2027に従業員数1336名とあるがパート込みかどうか不明。他の媒体では82～256名とばらつきあり
102,株式会社レインズインターナショナル,714,,,,単体,2026年9月1日,https://www.reins.co.jp/corporate/information/,従業員数714名（公式サイト、検索結果から）。正社員のみかは不明。コロワイド有報のセグメント別(2026/3)は1446人[臨時4847人]
103,株式会社アントワークス,195,1485,,,単体,2024年12月,https://antoworks.com/company/,社員195名+パート・アルバイト1290名
104,株式会社FOOD & LIFE INNOVATIONS,234,2909,,○,単体,2025年9月30日,https://inv.food-and-life.co.jp/,社員234名+パート・アルバイト2675名（杉玉の運営会社。FOOD & LIFE COMPANIESグループ）
105,株式会社イデアル,,,,,,,,同名の会社が複数あり特定できず（仙台の175～176名などが該当候補）
106,公益財団法人ポーラ美術振興財団 ポーラ美術館,,,,,単体,,https://info.gbiz.go.jp/hojin/ichiran?hojinBango=8010705001549,具体的な人数は見つからず（従業員規模1～49人という記載のみ）
107,シマダグループ株式会社,166,,,,単体,,https://www.shimada-g.jp/company/,従業員数166名（区分不明、検索結果から）。グループ全体では1200名超という記載もあり
108,スターツホテル開発株式会社,590,,,,単体,2025年6月,https://www.starts-hotel.co.jp/corporate.html,従業員数590名（区分不明）
109,株式会社Up to you,12,,,,単体,,https://cookbiz.co.jp/companies/112219,自由が丘の飲食店運営会社と判断（同名の会社が複数あり）。12人は区分不明。gBizでは27人の記載もあり
110,株式会社王将フードサービス,2370,9720,○,○,連結,2025年3月31日,https://kitaishihon.s3.isk01.sakurastorage.jp/IrLibrary/9936_securities_2024_ikm4.pdf,有報: 2370名+臨時従業員7350名（8時間換算）。2026年3月期の有報の値は取得できず
111,株式会社播鳥,180,,,,単体,,https://banchou.co.jp/company,公式サイトの社員数180名
112,株式会社ZUND,270,2970,,○,単体,,https://employment.en-japan.com/comp-85344/,エン転職: 社員270名+アルバイト2700名。リクルートエージェントでは3000人
113,株式会社ワイズテーブルコーポレーション,514,1810,,,連結(正社員)/単体(パート込み),2026年2月28日,https://job.mynavi.jp/27/pc/search/corp84600/outline.html,連結従業員514名。パート込みは採用ページの単体値（社員510名+アルバイト約1300名）で、有報の臨時従業員数は取得できず
114,株式会社進々堂,97,644,,,単体,2026年6月,https://www.shinshindo.jp/about/,従業員644名、うち正社員97名
115,加納コーポレーション株式会社,150,338,,,単体,2026年6月,https://tenshoku.mynavi.jp/company/391145/,150名はマイナビ転職とdodaの値。338人（パート含む）はエン転職の値（https://employment.en-japan.com/comp-72867/）で、時点が異なる可能性あり
116,株式会社コズミックダイナー,,,,,単体,,https://employment.en-japan.com/comp-65970/,媒体ごとに223～311人とばらつきがあり、区分も不明なため空欄
117,株式会社フード・サービスコスモ,60,,,,単体,,https://tenshoku.mynavi.jp/company/424206/,従業員数60名（マイナビ転職と日経、区分不明）。36人・70人という記載もあり
118,株式会社ビー・ワイ・オー,,,,,,,,検索の上限に達したため調査できず
119,株式会社 土佐料理 司,110,330,,,単体,不明(公式最新),https://www.katsuo.co.jp/company/,公式会社概要: 330名(契約パート含む)・うち正社員110名。旧掲載に297名/101名、270名/105名あり
120,有限会社ヒロシマ,,700,,,単体,不明,https://tenshoku.mynavi.jp/company/458550/,マイナビ転職: 700人(パート・アルバイト含む)。他DBに380人(2024年1月)、300人
121,有限会社圓石本店,,,,,単体,,https://baseconnect.in/companies/9201c295-df51-4fec-9990-7b8e85371f06,企業DBに32名(2020年)、8名(2022年10月期)の記載あるが区分不明のため未記入
122,株式会社カドフジ,,60,,,単体,2024年5月,https://kadofuji.com/,60名(パート・アルバイト含む)
123,トライアドジャパン株式会社,402,,,,単体,2026年5月,https://job.mynavi.jp/27/pc/search/corp78219/outline.html,マイナビ2027: 従業員402名(うち薬剤師170名)。雇用形態内訳の記載なし
124,株式会社Ludico,41,,,,単体,不明,https://www.careermap.jp/corporations/121151,従業員数41人(区分不明)。gBizINFO被保険者数38人
125,株式会社ウィズリンク,,380,,,単体,2024年12月,https://www.with-link.co.jp/about/outline.html,公式会社概要: 380名(非正規雇用を含む)
126,公立学校共済組合大阪宿泊所,40,78,,,単体,不明,https://www.hotel-ya.com/jobs/a29/awina-osaka/company,78人(正職員40名、契約職員4名、パート34名)。公式PDFでは37名(令和4年4月1日、支配人等含む)
127,株式会社SAパートナーズ,,288,,,単体,不明,https://www.sa-partners.jp/profile/,公式採用サイト: 288名(社員・アルバイト含む)
128,株式会社龍名館ホテルシステムズ,,,,,単体,,https://info.gbiz.go.jp/hojin/ichiran?hojinBango=2010001180499,gBizINFO 140人、Yahoo!しごとカタログ 84人、AlarmBox 102人と不一致・区分不明のため未記入
129,株式会社ライブ・ヒートライズ,,360,,,単体,不明,https://live-heat-rise.live-group.co.jp/,360名(パート・アルバイト含む)。被保険者23名の記載あり。グループ全体450名(2025年4月)
130,株式会社うかい,589,785,,,単体,2026年3月31日,https://www.nikkei.com/nkd/company/gaiyo/?scode=7621,有報ベース: 従業員589名・臨時196名(平均)。連結子会社なしのため単体
131,リゾートトラスト株式会社,9477,13310,○,○,連結,2026年3月31日,https://www.resorttrust.co.jp/sustainability/data/,"連結従業員9,477名+臨時従業員3,833名(年間平均)。単体6,585名"
132,株式会社太陽,,,,,,,,同名企業が多数あり特定できず
133,株式会社 F・E・C,,,,,,,https://townwork.net/detail/clc_3232553001/,病院給食事業(宇都宮市)の同名企業を確認したが従業員数の記載見つからず
134,株式会社筑波学園ホテル,150,,,,単体,不明,https://job.mynavi.jp/27/pc/search/corp214310/outline.html,マイナビ: 150名(区分不明)。他DBに112名(被保険者)、98名、300人等
135,株式会社YELL Japan,35,235,,,単体,不明,https://yell-to.co.jp/company/,正社員35名・アルバイト・パート200名(栃木の飲食業)
136,ハーベスト株式会社,,5200,,○,単体,2024年10月,https://job.mynavi.jp/26/pc/search/corp105082/outline.html,"単体5,200名(内訳記載なし、パート含むと推定)。グループ12,000名(2026年3月末)"
137,サトフードサービス株式会社,696,8272,,○,単体,不明,https://tenshoku.mynavi.jp/company/348226/,"マイナビ転職: 8,272名(正社員696名、パート・アルバイト7,576名)。別資料に8,903名(2024年3月31日)"
138,株式会社ワイエスインターナショナル,18,,,,単体,不明,https://doda.jp/DodaFront/View/Company/j_id__10019772571/,レストランSHUTTERS運営(目黒区)の同社: 18名(区分不明)
139,株式会社八仙閣,330,,,,単体,2024年,https://8000.co.jp/company/,公式: 330名(区分不明)。他媒体に340名、415名、430名
140,株式会社サッポロライオン(エ),424,2924,,○,単体,2024年12月期,https://job.mynavi.jp/27/pc/search/corp112994/outline.html,"正社員424名+パート・アルバイト約2,500名の概算合計"
141,株式会社グランキュイジーヌ,60,,,,単体,不明,https://jobcatalog.yahoo.co.jp/company/1100025770/review/,Yahoo!しごとカタログ/転職会議: 60人(区分不明)。他に42名、67名
142,有限会社セレモサプライ,264,,,,単体,不明,https://info.gbiz.go.jp/hojin/ichiran?hojinBango=1430002005564,gBizINFO: 264人(区分不明)。他に301人、290名、230名
